{"cameraMode":{"drawMode":0,"name":"Shaded","section":"Shading Mode"},"sceneLighting":false,"audioPlay":false,"sceneViewState":{"showFog":true,"showMaterialUpdate":false,"showSkybox":false,"showFlares":true,"showImageEffects":true,"showParticleSystems":true},"in2DMode":false,"pivot":{"x":-0.726806640625,"y":-0.6954460144042969,"z":-25.727970123291017},"rotation":{"x":-0.1533191204071045,"y":0.8384650945663452,"z":-0.3001953065395355,"w":-0.42823389172554018},"size":20.20829200744629,"orthographic":false}