{"cameraMode":{"drawMode":0,"name":"Shaded","section":"Shading Mode"},"sceneLighting":false,"audioPlay":false,"sceneViewState":{"showFog":true,"showMaterialUpdate":false,"showSkybox":false,"showFlares":true,"showImageEffects":true,"showParticleSystems":true},"in2DMode":false,"pivot":{"x":-2.473417282104492,"y":1.850508689880371,"z":-1.128464698791504},"rotation":{"x":0.02619577758014202,"y":-0.9519124627113342,"z":0.29322075843811037,"w":0.08504781872034073},"size":16.131446838378908,"orthographic":false}