{"cameraMode":{"drawMode":0,"name":"Shaded","section":"Shading Mode"},"sceneLighting":true,"audioPlay":false,"sceneViewState":{"showFog":true,"showMaterialUpdate":false,"showSkybox":true,"showFlares":true,"showImageEffects":true,"showParticleSystems":true},"in2DMode":false,"pivot":{"x":0.6000000238418579,"y":30.899999618530275,"z":-52.20000076293945},"rotation":{"x":-0.2797520160675049,"y":-0.04176924377679825,"z":0.012215562164783478,"w":-0.9591029286384583},"size":65.45280456542969,"orthographic":false}