{"cameraMode":{"drawMode":0,"name":"Shaded","section":"Shading Mode"},"sceneLighting":true,"audioPlay":false,"sceneViewState":{"showFog":true,"showMaterialUpdate":false,"showSkybox":true,"showFlares":true,"showImageEffects":true,"showParticleSystems":true},"in2DMode":false,"pivot":{"x":19.798553466796876,"y":-1.5999641418457032,"z":0.166534423828125},"rotation":{"x":-0.037655144929885867,"y":0.9608671069145203,"z":-0.16475145518779756,"w":-0.21961340308189393},"size":102.88465881347656,"orthographic":false}