{"cameraMode":{"drawMode":0,"name":"Shaded","section":"Shading Mode"},"sceneLighting":false,"audioPlay":false,"sceneViewState":{"showFog":true,"showMaterialUpdate":false,"showSkybox":false,"showFlares":true,"showImageEffects":true,"showParticleSystems":true},"in2DMode":false,"pivot":{"x":-21.641738891601564,"y":11.682995796203614,"z":-26.013187408447267},"rotation":{"x":-0.024312004446983339,"y":0.9367935061454773,"z":-0.06644342094659805,"w":-0.34269776940345766},"size":13.214688301086426,"orthographic":false}