{"cameraMode":{"drawMode":0,"name":"Shaded","section":"Shading Mode"},"sceneLighting":false,"audioPlay":false,"sceneViewState":{"showFog":true,"showMaterialUpdate":false,"showSkybox":false,"showFlares":true,"showImageEffects":true,"showParticleSystems":true},"in2DMode":false,"pivot":{"x":1.8427581787109376,"y":2.000704765319824,"z":0.5157914161682129},"rotation":{"x":0.1749131828546524,"y":-0.816755473613739,"z":0.3189638555049896,"w":0.44790107011795046},"size":7.940272808074951,"orthographic":false}